<?xml version="1.0"?>

<article>
<info>
<abstract>
<para><emphasis role="strong">Note:</emphasis> This
            document lists changes only since the 1.77.0 release.
            If you instead want a record of the complete list of
            changes for the codebase over its entire history, you
            can obtain one by running the following commands:
            
<screen>  <code>svn checkout https://docbook.svn.sourceforge.net/svnroot/docbook/trunk/xsl</code>
  <code>svn log --xml --verbose xsl &gt; ChangeHistory.xml</code></screen></para>
</abstract>
</info><title>Changes since the 1.77.0 release</title>

<sect1 xml:id="Vsnapshot_9587">
<title>Release Notes: snapshot_9587</title>
<para>The following is a list of changes that have been made
        since the 1.77.0 release.</para>

<sect2 xml:id="Vsnapshot_9587_Gentext">
<title>Gentext</title>
<para>The following changes have been made to the
            <filename>gentext</filename> code
            since the 1.77.0 release.</para>
<itemizedlist>
<listitem>
<para><literal>tom_schr: locale/de.xml</literal></para><screen><phrase role="commit-message">Added <tag>keycap</tag> context from RFE#3540451 to support @function attribute</phrase></screen>
</listitem>
<listitem>
<para><literal>tom_schr: locale/en.xml</literal></para><screen><phrase role="commit-message">Added <tag>keycap</tag> context from RFE#3540451 to support @function attribute</phrase></screen>
</listitem>
<listitem>
<para><literal>Robert Stayton: locale/en.xml</literal></para><screen><phrase role="commit-message">Add support for <tag>title</tag> element in <tag>screenshot</tag>, now allowed in DocBook 5.</phrase></screen>
</listitem>
</itemizedlist>
</sect2><!--end of Gentext changes for snapshot_9587-->

<sect2 xml:id="Vsnapshot_9587_FO">
<title>FO</title>
<para>The following changes have been made to the
            <filename>fo</filename> code
            since the 1.77.0 release.</para>
<itemizedlist>
<listitem>
<para><literal>tom_schr: inline.xsl</literal></para><screen><phrase role="commit-message">Added support for @function attribute in <tag>keycap</tag> (uses <tag>keycap</tag> context
from language files) =&gt; fixes RFE#3540451
If @function is set and <tag>keycap</tag> is empty, then template will use the
content from the <tag>keycap</tag> context, otherwise it will use just the given
text</phrase></screen>
</listitem>
<listitem>
<para><literal>Robert Stayton: graphics.xsl; xref.xsl</literal></para><screen><phrase role="commit-message">Add support for <tag>title</tag> element in <tag>screenshot</tag>, now allowed in DocBook 5.</phrase></screen>
</listitem>
<listitem>
<para><literal>Robert Stayton: graphics.xsl</literal></para><screen><phrase role="commit-message">Restore formatting of <tag>figure</tag>/<tag>caption</tag> that was broken in 1.77.1.</phrase></screen>
</listitem>
<listitem>
<para><literal>Robert Stayton: docbook.xsl</literal></para><screen><phrase role="commit-message">Import the VERSION.xsl file instead of VERSION so mimetype is interpreted correctly
from the <tag>filename</tag>.</phrase></screen>
</listitem>
<listitem>
<para><literal>Robert Stayton: block.xsl</literal></para><screen><phrase role="commit-message">In <tag>sidebar</tag>, turn off space before first <tag>para</tag> if there is no <tag>title</tag>.</phrase></screen>
</listitem>
<listitem>
<para><literal>Robert Stayton: math.xsl</literal></para><screen><phrase role="commit-message">Restored templates for mml:* elements that were accidentally deleted.</phrase></screen>
</listitem>
</itemizedlist>
</sect2><!--end of FO changes for snapshot_9587-->

<sect2 xml:id="Vsnapshot_9587_HTML">
<title>HTML</title>
<para>The following changes have been made to the
            <filename>html</filename> code
            since the 1.77.0 release.</para>
<itemizedlist>
<listitem>
<para><literal>Robert Stayton: footnote.xsl</literal></para><screen><phrase role="commit-message">Fix bug in <tag>footnote</tag> <tag>link</tag> introduced in 1.77.1.</phrase></screen>
</listitem>
<listitem>
<para><literal>Robert Stayton: formal.xsl; htmltbl.xsl</literal></para><screen><phrase role="commit-message">Resolve conflict of duplicate ids on html <tag>table</tag> with <tag>caption</tag>.
Wrap a div with class and id attribute around html <tag>table</tag> without <tag>caption</tag>.</phrase></screen>
</listitem>
<listitem>
<para><literal>Robert Stayton: component.xsl</literal></para><screen><phrase role="commit-message">Remove call to 'generate.id' template in &lt;h1&gt; in component.title because the
id is already generated for the parent div element.</phrase></screen>
</listitem>
<listitem>
<para><literal>Robert Stayton: chunker.xsl</literal></para><screen><phrase role="commit-message">Set omit-xml-declaration to 'yes' for write.text.chunk template, since a text
file should never have an xml declaration.</phrase></screen>
</listitem>
<listitem>
<para><literal>tom_schr: inline.xsl</literal></para><screen><phrase role="commit-message">Added support for @function attribute in <tag>keycap</tag> (uses <tag>keycap</tag> context
from language files) =&gt; fixes RFE#3540451
If @function is set and <tag>keycap</tag> is empty, then template will use the
content from the <tag>keycap</tag> context, otherwise it will use just the given
text</phrase></screen>
</listitem>
<listitem>
<para><literal>David Cramer: docbook.xsl</literal></para><screen><phrase role="commit-message">Also set the <tag>title</tag> param in head.content since it's sometimes
called without that param being passed in. Use the passed-in
value in user.head.title.</phrase></screen>
</listitem>
<listitem>
<para><literal>Robert Stayton: docbook.xsl</literal></para><screen><phrase role="commit-message">Restore missing <tag>title</tag> param on 'head.content' template, and passed
it along to user.head.title. That param
is used for certain special chunkings such as Long Descriptions.</phrase></screen>
</listitem>
<listitem>
<para><literal>Robert Stayton: graphics.xsl; xref.xsl</literal></para><screen><phrase role="commit-message">Add support for <tag>title</tag> in <tag>screenshot</tag>, available since DocBook 5.</phrase></screen>
</listitem>
<listitem>
<para><literal>David Cramer: docbook.xsl</literal></para><screen><phrase role="commit-message">HTML: Add hook for easily customizing html/head/<tag>title</tag></phrase></screen>
</listitem>
<listitem>
<para><literal>Robert Stayton: docbook.xsl</literal></para><screen><phrase role="commit-message">Import the VERSION.xsl file instead of VERSION so mimetype is interpreted correctly
from the <tag>filename</tag>.</phrase></screen>
</listitem>
<listitem>
<para><literal>Robert Stayton: sections.xsl</literal></para><screen><phrase role="commit-message">Use $div.element variable in place of div to support html5 <tag>section</tag> element.
output</phrase></screen>
</listitem>
<listitem>
<para><literal>Robert Stayton: autoidx.xsl</literal></para><screen><phrase role="commit-message">Fix bug 3528673, missing "separator" param on template with
match="<tag>indexterm</tag>" mode="<tag>reference</tag>".  That param is passed 
for endofrange processing to output the range separator.</phrase></screen>
</listitem>
</itemizedlist>
</sect2><!--end of HTML changes for snapshot_9587-->

<sect2 xml:id="Vsnapshot_9587_Roundtrip">
<title>Roundtrip</title>
<para>The following changes have been made to the
            <filename>roundtrip</filename> code
            since the 1.77.0 release.</para>
<itemizedlist>
<listitem>
<para><literal>Robert Stayton: dbk2ooo.xsl; dbk2pages.xsl; dbk2wordml.xsl; dbk2wp.xsl</literal></para><screen><phrase role="commit-message">Import the VERSION.xsl file instead of VERSION so mimetype is interpreted correctly
from the <tag>filename</tag>.</phrase></screen>
</listitem>
</itemizedlist>
</sect2><!--end of Roundtrip changes for snapshot_9587-->

<sect2 xml:id="Vsnapshot_9587_Slides">
<title>Slides</title>
<para>The following changes have been made to the
            <filename>slides</filename> code
            since the 1.77.0 release.</para>
<itemizedlist>
<listitem>
<para><literal>Robert Stayton: html/slides-common.xsl</literal></para><screen><phrase role="commit-message">Import the VERSION.xsl file instead of VERSION so mimetype is interpreted correctly
from the <tag>filename</tag>.</phrase></screen>
</listitem>
</itemizedlist>
</sect2><!--end of Slides changes for snapshot_9587-->

<sect2 xml:id="Vsnapshot_9587_Website">
<title>Website</title>
<para>The following changes have been made to the
            <filename>website</filename> code
            since the 1.77.0 release.</para>
<itemizedlist>
<listitem>
<para><literal>Robert Stayton: website-common.xsl</literal></para><screen><phrase role="commit-message">Import the VERSION.xsl file instead of VERSION so mimetype is interpreted correctly
from the <tag>filename</tag>.</phrase></screen>
</listitem>
</itemizedlist>
</sect2><!--end of Website changes for snapshot_9587-->

<sect2 xml:id="Vsnapshot_9587_Webhelp">
<title>Webhelp</title>
<para>The following changes have been made to the
            <filename>webhelp</filename> code
            since the 1.77.0 release.</para>
<itemizedlist>
<listitem>
<para><literal>David Cramer: xsl/webhelp-common.xsl</literal></para><screen><phrase role="commit-message">Use user.head.title to add <tag>title</tag> to webhelp pages, 
but do not yet add the <tag>book</tag> <tag>title</tag> to the page <tag>title</tag>.</phrase></screen>
</listitem>
<listitem>
<para><literal>David Cramer: xsl/webhelp-common.xsl</literal></para><screen><phrase role="commit-message">Webhelp: Revert 9433. We need to fix the indexer before we can include the document <tag>title</tag> in the html/head/<tag>title</tag></phrase></screen>
</listitem>
<listitem>
<para><literal>David Cramer: xsl/webhelp-common.xsl</literal></para><screen><phrase role="commit-message">Webhelp: Append document <tag>title</tag> to html/head/title</phrase></screen>
</listitem>
<listitem>
<para><literal>David Cramer: xsl/webhelp-common.xsl</literal></para><screen><phrase role="commit-message">Webhelp: fix missing <tag>reference</tag> to ie.css</phrase></screen>
</listitem>
<listitem>
<para><literal>David Cramer: xsl/webhelp-common.xsl</literal></para><screen><phrase role="commit-message">Webhelp: Increase default value for <parameter>chunk.section.depth</parameter></phrase></screen>
</listitem>
<listitem>
<para><literal>kasunbg: docsrc/readme.xml</literal></para><screen><phrase role="commit-message">updated webhelp documentation</phrase></screen>
</listitem>
<listitem>
<para><literal>kasunbg: template/content/search/nwSearchFnt.js; xsl/webhelp-common.xsl</literal></para><screen><phrase role="commit-message">Removed the script htmlFileList.js since it's content is in htmlFileInfoList.js</phrase></screen>
</listitem>
<listitem>
<para><literal>Robert Stayton: xsl/webhelp-common.xsl</literal></para><screen><phrase role="commit-message">In the &lt;h1&gt; output, replace call to 'get.doc.title' with
mode="title.markup" because get.doc.title returns only
the string value of the <tag>title</tag>, losing any markup such
as &lt;<tag>trademark</tag>&gt; or &lt;<tag>superscript</tag>&gt;.</phrase></screen>
</listitem>
<listitem>
<para><literal>kasunbg: template/common/css/positioning.css; template/content/search/nwSearchFnt.js</literal></para><screen><phrase role="commit-message">Remove unnecessary bits of code from webhelp</phrase></screen>
</listitem>
<listitem>
<para><literal>David Cramer: docsrc/readme.xml</literal></para><screen><phrase role="commit-message">Webhelp: Minor edits to the readme</phrase></screen>
</listitem>
<listitem>
<para><literal>David Cramer: xsl/webhelp.xsl; xsl/titlepage.templates.xsl; xsl/titlepage.templates.xml</literal></para><screen><phrase role="commit-message">Webhelp: Suppress abstracts from titlepages. These are used to create the search result summary sentence and should not be shown</phrase></screen>
</listitem>
<listitem>
<para><literal>David Cramer: build.xml</literal></para><screen><phrase role="commit-message">Webhelp: calculate path to profile.xsl from main build.xml file</phrase></screen>
</listitem>
</itemizedlist>
</sect2><!--end of Webhelp changes for snapshot_9587-->

<sect2 xml:id="Vsnapshot_9587_Profiling">
<title>Profiling</title>
<para>The following changes have been made to the
            <filename>profiling</filename> code
            since the 1.77.0 release.</para>
<itemizedlist>
<listitem>
<para><literal>Robert Stayton: xsl2profile.xsl</literal></para><screen><phrase role="commit-message">Test for @xml:id as well as @id for $rootid.</phrase></screen>
</listitem>
</itemizedlist>
</sect2><!--end of Profiling changes for snapshot_9587-->

<sect2 xml:id="Vsnapshot_9587_Template">
<title>Template</title>
<para>The following changes have been made to the
            <filename>template</filename> code
            since the 1.77.0 release.</para>
<itemizedlist>
<listitem>
<para><literal>Robert Stayton: titlepage.xsl</literal></para><screen><phrase role="commit-message">Undo last change because not implemented correctly.</phrase></screen>
</listitem>
<listitem>
<para><literal>Robert Stayton: titlepage.xsl</literal></para><screen><phrase role="commit-message">Fix xsl:element to not overwrite the incoming fo: namespace
if the $ns param is not set.</phrase></screen>
</listitem>
</itemizedlist>
</sect2><!--end of Template changes for snapshot_9587-->

</sect1>
</article>

