<refentry xmlns="http://docbook.org/ns/docbook"
          xmlns:xlink="http://www.w3.org/1999/xlink"
          xmlns:xi="http://www.w3.org/2001/XInclude"
          xmlns:src="http://nwalsh.com/xmlns/litprog/fragment"
          xmlns:xsl="http://www.w3.org/1999/XSL/Transform"
          version="5.0" xml:id="passivetex.extensions">
<refmeta>
<refentrytitle>passivetex.extensions</refentrytitle>
<refmiscinfo class="other" otherclass="datatype">boolean</refmiscinfo>
</refmeta>
<refnamediv>
<refname>passivetex.extensions</refname>
<refpurpose>Enable PassiveTeX extensions?</refpurpose>
</refnamediv>

<refsynopsisdiv>
<src:fragment xml:id="passivetex.extensions.frag"><xsl:param name="passivetex.extensions" select="0"/></src:fragment>
</refsynopsisdiv>

<refsection><info><title>Description</title></info>

<para>If non-zero,
<link xlink:href="http://projects.oucs.ox.ac.uk/passivetex/">PassiveTeX</link>
extensions will be used. At present, this consists of PDF bookmarks
and sorted index terms.
</para>

<para>This parameter can also affect which graphics file formats
are supported</para>

<note>
  <para>PassiveTeX is incomplete and development has ceased. In most cases, 
another XSL-FO engine is probably a better choice.</para>
</note>

</refsection>
</refentry>
